﻿pos_x,pos_y,rotation,side,designator,mpn,pack,footprint,value,mount_type
112.25,-88.5,0.0,top,D1,,,LED_0805_2012Metric_Pad1.15x1.40mm_HandSolder,LED,smt
128.5,-88.5,0.0,top,R1,,,R_0805_2012Metric_Pad1.20x1.40mm_HandSolder,4k7,smt
117.25,-88.5,180.0,top,R2,,,R_0805_2012Metric_Pad1.20x1.40mm_HandSolder,75,smt
120.0,-73.5,0.0,top,U1,,,Waveshare-ESP32-C6-Zero,~,smt
105.15,-64.455,-90.0,top,U2,,,TerminalBlock_Xinya_XY308-2.54-3P_1x03_P2.54mm_Horizontal,DS18B20,tht
105.15,-73.455,-90.0,top,U3,,,TerminalBlock_Xinya_XY308-2.54-3P_1x03_P2.54mm_Horizontal,DS18B20,tht
105.15,-82.455,-90.0,top,U4,,,TerminalBlock_Xinya_XY308-2.54-3P_1x03_P2.54mm_Horizontal,DS18B20,tht
134.85,-69.545,90.0,top,U5,,,TerminalBlock_Xinya_XY308-2.54-3P_1x03_P2.54mm_Horizontal,DS18B20,tht
134.85,-78.545,90.0,top,U6,,,TerminalBlock_Xinya_XY308-2.54-3P_1x03_P2.54mm_Horizontal,DS18B20,tht
134.85,-87.545,90.0,top,U7,,,TerminalBlock_Xinya_XY308-2.54-3P_1x03_P2.54mm_Horizontal,DS18B20,tht
