﻿Designator,Quantity,Value,Footprint,Package,MPN,DNP,Mount_Type,Description
D1,1,LED,LED_0805_2012Metric_Pad1.15x1.40mm_HandSolder,,,,smt,
JP1,1,SolderJumper_3_Bridged12,SolderJumper-3_P1.3mm_Bridged12_Pad1.0x1.5mm_NumberLabels,,,,tht,
R1,1,4k7,R_0805_2012Metric_Pad1.20x1.40mm_HandSolder,,,,smt,
R2,1,75,R_0805_2012Metric_Pad1.20x1.40mm_HandSolder,,,,smt,
U1,1,~,Waveshare-ESP32-C6-Zero,,,,smt,
"U2, U3, U4, U5, U6, U7",6,DS18B20,TerminalBlock_Xinya_XY308-2.54-3P_1x03_P2.54mm_Horizontal,,,,tht,Programmable Resolution 1-Wire Digital Thermometer TO-92
